id,name
21660986,3D DISTRIBUTION DRIVE
21647328,A & N LIQUIDATION 
21657188,ANN TAYLOR
21650223,AROMA
21411418,Amazon
21623614,Amazon 
21702802,Andy Doggett
21720327,AtlantA
21240059,"BE FORWARD CO., LTD."
21658089,BEST BUY 
21703476,BOOHOO
21653312,BRENDA PARSON
21647317,BROOKECOLBY
21662398,BULK APOTHECARY
21708121,Big DEALS
21646341,CHRISTIANLOU BOUTIN
21649439,Cocojojo beauty corp
21736989,DATA HARDWARE DEPOT (DHD)
21653413,DISTRIBUTION CTR SHARPER
21707843,ERICK HOLKE
21653311,EScents
21704021,Earth HARBOR
21428114,Etsy
21653290,FOREVER 21
21505921,Fashion Nova
21672686,GARI FROST
21649348,GUNDRY MD 
21719917,Grapevine 2
21707413,HIT promotional
21656540,HP
21640634,IKEA
21653297,IROCKER
21428062,JCPenny
21646347,JFK
21656372,JIANG YUANFEI
21653289,JLUXLABEL 
21704600,JOHN CARALLO
20795347,Joaquinar Carter
21649440,Joshua Barnes
21653356,KANGSHENG PRODUCTS 
21653313,LIPAUL
21688637,LUCMATTON
21704700,Leelove
21646332,MARIA AGUILAR
21699030,MBROIDERY
21653294,MIELLE ORGANICS 
21651375,Madison Brooke Sexton
21710861,Mobile
21662396,Nordstrom RACK
21653295,ON AIR DIRECT
21653292,ONIX VENTURE
21702810,Orderdetails
21641549,Orlebar Brown
21651189,PETOSKEY PURE NATURAL
21651207,POMCHIES
21717273,Portola paints
21660988,RPG HAIR
21660122,Randy Rankin
21641541,Renita Barnes
21711530,Rr donnelley
21658760,SCRUBS AND BEYOND
21652337,SEPHORA
21649005,SHEIN DISYTRIBUTION CORP
21695590,SILlY FARM SUPPLIES
21681124,SLS
21368320,Shein
21701070,Shevchenko new lifestyle
21704109,Stone bridge
21667916,Super Logistics Solutions LLC
21668116,Superior LS LLC
21668983,Superior Logistics Solutions
21651218,THE CHARITY BOX
21650402,TOP SHIPPING SYSTEMS
21177215,TOP SHIPPING SYSTEMS CORP
21657308,TOP SHIPPING SYSTEMS CORP 
21708599,TUyet Duong Tony
21634049,Target
21688619,The PKW Group
21662404,UPS
21647295,UT01
21702934,Vida divina
21660292,WEST-EAST IMPORT INC
21529354,Walmart
21620603,Wayfair
21411491,ebay
